label,position,val-2,val-3,val-4,val-5,val-6,val-7,val-8,val-9,count
HiC_scaffold_1,982.0-10982.0,0.591,0.567,0.048,0.0,0.38,0.822,0.074,0.359,1373
HiC_scaffold_1,10982.0-20982.0,0.803,0.642,0.238,0.326,0.895,1.057,0.0,0.456,2025
HiC_scaffold_1,20982.0-30982.0,0.107,0.0,0.0,0.052,0.507,0.378,0.0,0.085,672
HiC_scaffold_1,30982.0-40982.0,0.471,0.0,0.417,0.0,0.206,0.007,0.0,0.0,427
HiC_scaffold_1,40982.0-50982.0,0.865,0.697,0.152,0.228,0.41,1.276,0.151,1.03,1279
HiC_scaffold_1,50982.0-60982.0,0.313,0.217,0.332,0.082,0.362,0.497,0.034,0.033,2042
HiC_scaffold_1,60982.0-70982.0,1.58,1.008,0.204,0.288,0.776,1.593,0.455,0.195,1768
HiC_scaffold_1,70982.0-80982.0,3.458,1.908,0.349,0.438,0.455,0.547,0.831,0.162,413
HiC_scaffold_2,285.0-10285.0,35.148,26.726,5.429,3.047,24.516,43.47,5.13,6.168,2887
HiC_scaffold_2,10285.0-20285.0,1.933,0.768,0.942,0.38,0.608,0.602,0.039,0.74,1936
HiC_scaffold_2,20285.0-30285.0,5.6,4.176,1.863,1.362,3.701,2.316,0.909,1.478,1289
HiC_scaffold_2,30285.0-40285.0,1.209,0.91,0.142,0.431,1.275,1.008,0.107,0.213,2336
HiC_scaffold_2,40285.0-50285.0,0.417,0.995,0.275,0.0,3.196,0.327,0.191,0.215,1551
HiC_scaffold_3,17.0-10017.0,0.831,0.885,0.493,0.202,0.891,1.212,0.165,0.24,1536
HiC_scaffold_3,10017.0-20017.0,1.089,0.979,0.63,0.492,1.85,0.98,0.587,0.492,1785
HiC_scaffold_3,20017.0-30017.0,6.301,4.692,1.977,2.135,4.32,4.662,2.965,2.122,3987
HiC_scaffold_3,30017.0-40017.0,0.643,0.968,1.116,0.27,2.224,2.224,0.083,0.816,2691
HiC_scaffold_4,20.0-10020.0,4.742,3.612,1.447,1.021,3.253,3.74,2.98,2.409,5342
HiC_scaffold_4,10020.0-20020.0,1.849,2.601,0.547,1.268,4.543,1.89,0.482,0.588,4657
HiC_scaffold_5,403.0-10403.0,0.522,0.928,0.285,0.136,0.558,0.204,0.109,0.148,2777
HiC_scaffold_5,10403.0-20403.0,2.839,1.904,0.609,0.105,1.944,1.377,0.528,0.647,1208
HiC_scaffold_5,20403.0-30403.0,5.242,3.8,2.159,1.133,4.691,5.975,2.26,0.861,1469
HiC_scaffold_5,30403.0-40403.0,1.109,1.272,0.34,0.594,0.784,0.607,0.143,0.246,2761
HiC_scaffold_5,40403.0-50403.0,1.822,3.035,0.339,0.47,1.67,2.21,1.117,1.209,1784
HiC_scaffold_6,333.0-10333.0,1.316,0.956,0.304,0.598,1.695,1.561,0.246,0.136,2131
HiC_scaffold_6,10333.0-20333.0,1.222,1.724,1.438,0.802,1.345,0.934,0.657,0.785,2911
HiC_scaffold_6,20333.0-30333.0,0.486,0.385,0.17,0.053,0.655,1.13,0.169,0.567,2534
HiC_scaffold_6,30333.0-40333.0,0.601,0.146,0.117,0.04,0.251,0.412,0.426,0.245,1170
HiC_scaffold_6,40333.0-50333.0,1.613,0.598,0.434,0.665,2.353,0.447,0.0,0.035,1253
HiC_scaffold_7,4036.0-14036.0,0.552,0.255,0.211,0.504,0.344,0.388,0.384,0.338,1241
HiC_scaffold_7,14036.0-24036.0,0.409,0.077,0.149,0.0,0.314,0.054,0.125,0.069,665
HiC_scaffold_7,24036.0-34036.0,0.387,0.331,0.0,0.0,0.282,0.0,0.0,0.0,142
HiC_scaffold_7,34036.0-44036.0,0.352,0.0,0.0,0.0,0.522,0.126,0.0,0.0,159
HiC_scaffold_7,44036.0-54036.0,0.076,0.16,0.0,0.0,0.134,0.706,0.0,0.0,463
HiC_scaffold_7,54036.0-64036.0,0.964,0.813,0.232,0.108,0.286,0.626,0.271,0.132,1689
HiC_scaffold_7,64036.0-74036.0,0.398,0.561,0.2,0.324,0.505,0.433,0.015,0.066,3106
HiC_scaffold_7,74036.0-84036.0,0.293,0.786,0.358,0.16,0.488,0.577,0.315,0.0,1203
HiC_scaffold_7,84036.0-94036.0,0.426,0.0,0.574,0.0,0.0,0.0,0.0,0.0,507
HiC_scaffold_7,94036.0-104036.0,,,,,,,,,0
HiC_scaffold_7,104036.0-114036.0,2.184,2.173,1.49,1.444,2.477,2.708,1.646,1.141,723
HiC_scaffold_7,114036.0-124036.0,0.168,0.733,1.337,1.386,0.455,0.366,0.0,0.0,101
HiC_scaffold_8,8.0-10008.0,9.339,14.601,2.804,3.357,10.015,6.917,2.757,3.896,8091
HiC_scaffold_8,10008.0-20008.0,3.874,6.496,1.576,1.318,3.908,4.366,1.827,1.184,1908
HiC_scaffold_9,11.0-10011.0,1.848,2.576,0.541,0.235,2.271,1.207,0.234,0.256,4512
HiC_scaffold_9,10011.0-20011.0,8.021,7.424,1.638,2.276,7.675,4.935,2.242,2.611,3070
HiC_scaffold_9,20011.0-30011.0,9.472,10.185,2.304,1.914,9.641,5.288,1.806,2.093,2417
HiC_scaffold_10,436.0-10436.0,1.23,1.039,0.474,0.927,0.994,1.749,0.242,0.145,3285
HiC_scaffold_10,10436.0-20436.0,6.856,7.925,2.741,4.161,9.405,8.641,2.127,6.093,2953
HiC_scaffold_10,20436.0-30436.0,0.772,0.97,1.246,0.16,0.117,0.821,0.939,0.186,912
HiC_scaffold_10,30436.0-40436.0,6.404,2.285,1.019,1.178,5.946,2.146,2.371,0.88,2500
HiC_scaffold_10,40436.0-50436.0,8.198,0.751,0.135,0.0,5.883,0.0,2.951,0.0,349
